2.160114,0.002939,1.865701, 0.002538
2.160114,0.002967,1.865701, 0.002562
2.160114,0.002977,1.865701, 0.002571
2.160114,0.002969,1.865701, 0.002564
2.160114,0.002983,1.865701, 0.002577
2.164148,0.002980,1.878525, 0.002587
2.184347,0.010139,1.866003, 0.008662
2.156785,0.029240,1.875833, 0.025431
2.108598,0.057993,1.855510, 0.051032
2.105663,0.095742,1.826011, 0.083027
2.040353,0.135172,1.796193, 0.118997
2.011088,0.178211,1.764762, 0.156383
1.991959,0.222185,1.753136, 0.195547
1.944634,0.261415,1.722343, 0.231532
1.905551,0.299006,1.690628, 0.265282
1.879571,0.336240,1.692648, 0.302801
1.821102,0.364957,1.665739, 0.333822
1.816541,0.402543,1.635142, 0.362345
1.782564,0.432530,1.607549, 0.390063
1.734215,0.457370,1.597062, 0.421198
1.693769,0.482686,1.560285, 0.444646
1.673170,0.512804,1.550831, 0.475309
1.654080,0.543058,1.534291, 0.503729
1.641409,0.575351,1.499938, 0.525763
1.588174,0.592510,1.474694, 0.550173
1.564392,0.619470,1.473396, 0.583437
1.531842,0.642359,1.457012, 0.610980
1.489357,0.659977,1.419105, 0.628846
1.465528,0.684908,1.403525, 0.655932
1.470012,0.723322,1.378320, 0.678205
1.459205,0.754766,1.361331, 0.704142
1.409052,0.765089,1.362248, 0.739675
1.396036,0.794690,1.340755, 0.763222
1.362822,0.812491,1.318845, 0.786272
1.326526,0.827527,1.281898, 0.799687
1.307866,0.852919,1.296908, 0.845773
1.284402,0.874951,1.266086, 0.862473
1.270858,0.903636,1.244558, 0.884935
1.246510,0.924410,1.241085, 0.920387
1.231301,0.951746,1.215952, 0.939882
1.189121,0.957861,1.192852, 0.960866
1.169535,0.981396,1.177831, 0.988357
1.163309,1.016658,1.166055, 1.019057
1.132299,1.030345,1.148364, 1.044963
1.108777,1.050396,1.124999, 1.065764
1.092870,1.077756,1.093815, 1.078688
1.061502,1.089696,1.086060, 1.114906
1.042001,1.113519,1.086060, 1.114906
1.013361,1.127420,1.086060, 1.114906
1.001412,1.160087,1.086060, 1.114906
0.981343,1.184083,1.086060, 1.114906
0.962631,1.210142,1.086060, 1.114906
0.942836,1.235343,1.086060, 1.114906
0.902596,1.233163,1.086060, 1.114906
0.886830,1.264064,1.086060, 1.114906
0.871135,1.296254,1.086060, 1.114906
0.871135,1.296254,1.086060, 1.114906
0.871135,1.296254,1.086060, 1.114906
0.871135,1.296254,1.086060, 1.114906
0.871135,1.296254,1.086060, 1.114906
0.871135,1.296254,1.086060, 1.114906
0.871135,1.296254,3.941471, 7.726628
0.871135,1.296254,3.786331, 7.805366
0.871135,1.296254,3.614418, 7.847992
0.871135,1.296254,3.455499, 7.917571
0.871135,1.296254,3.280361, 7.947844
0.871135,1.296254,3.126251, 8.027828
0.871135,1.296254,2.961788, 8.081426
0.871135,1.296254,2.798958, 8.139133
2.673868,8.314189,2.642961, 8.218087
2.487541,8.302463,2.838704, 9.474509
2.314462,8.329277,2.641468, 9.506105
2.143909,8.362842,2.641468, 9.506105
1.972624,8.390716,2.641468, 9.506105
1.803806,8.428305,2.641468, 9.506105
1.632680,8.453242,2.641468, 9.506105
1.462957,8.482876,1.667145, 9.666852
1.290818,8.496453,1.474599, 9.706142
1.131195,8.604179,1.281171, 9.744939
1.091409,9.819820,1.086039, 9.771502
1.091409,9.819820,0.891086, 9.804011
1.091409,9.819820,0.694919, 9.828048
1.091409,9.819820,0.499141, 9.872234
1.091409,9.819820,0.301563, 9.901559
1.091409,9.819820,0.103130, 9.919926
-0.095229,9.821455,-0.096493, 9.951799
-0.292097,9.813568,-0.297109, 9.981979
-0.488947,9.806128,-0.297109, 9.981979
-0.685355,9.795619,-0.297109, 9.981979
-0.882042,9.797654,-0.297109, 9.981979
-1.080742,9.809025,-0.297109, 9.981979
-1.276257,9.784377,-0.297109, 9.981979
-1.478802,9.804864,-0.297109, 9.981979
-1.678303,9.793813,-0.297109, 9.981979
-1.879550,9.786458,-1.398774, 7.283149
-2.082294,9.778194,-1.528129, 7.175905
-2.082294,9.778194,-1.665770, 7.117572
-2.082294,9.778194,-1.665770, 7.117572
-2.082294,9.778194,-1.665770, 7.117572
-2.082294,9.778194,-1.665770, 7.117572
-2.082294,9.778194,-2.375883, 7.411815
-2.082294,9.778194,-2.510944, 7.324541
-2.082294,9.778194,-2.654441, 7.264315
-2.657220,6.842750,-2.654441, 7.264315
-2.786067,6.768864,-2.654441, 7.264315
-2.941754,6.758561,-3.330185, 7.650966
-2.941754,6.758561,-3.437806, 7.484321
-2.941754,6.758561,-2.132517, 4.407289
-3.571333,7.019485,-2.201955, 4.327960
-3.651546,6.835231,-2.294097, 4.294259
-3.784274,6.754822,-4.519265, 8.066761
-3.980723,6.783253,-4.534737, 7.727307
-3.980723,6.783253,-4.691768, 7.640069
-3.980723,6.783253,-4.903093, 7.636458
-4.625962,6.896565,-4.903093, 7.636458
-4.741005,6.770528,-4.903093, 7.636458
-2.880629,3.942860,-5.045178, 6.905584
-2.955475,3.879278,-5.150959, 6.761013
-3.054050,3.846096,-5.390112, 6.788001
-5.760262,6.962489,-5.390112, 6.788001
-5.846525,6.784887,-5.390112, 6.788001
-6.025877,6.716595,-5.261578, 5.864688
-6.025877,6.716595,-5.388943, 5.771055
-6.025877,6.716595,-5.556837, 5.717338
-6.025877,6.716595,-5.556837, 5.717338
-6.221284,5.908856,-5.556837, 5.717338
-6.281753,5.731432,-5.498742, 5.017017
-6.419081,5.624951,-5.535385, 4.850581
-6.419081,5.624951,-5.616937, 4.726172
-6.419081,5.624951,-5.751927, 4.645969
-6.226049,4.825423,-5.751927, 4.645969
-6.350127,4.720702,-5.751927, 4.645969
-6.498499,4.631437,-5.751927, 4.645969
-6.498499,4.631437,-5.751927, 4.645969
-6.498499,4.631437,-5.751927, 4.645969
-6.325807,3.957025,-5.751927, 4.645969
-6.301465,3.768019,-5.751927, 4.645969
-6.399050,3.654153,-5.751927, 4.645969
-6.555192,3.570898,-5.751927, 4.645969
-6.555192,3.570898,-5.751927, 4.645969
-6.555192,3.570898,-5.751927, 4.645969
-6.555192,3.570898,-9.034020, 4.239253
-6.555192,3.570898,-9.059710, 4.032134
-6.555192,3.570898,-9.075148, 3.823192
-6.555192,3.570898,-9.099996, 3.620765
-6.555192,3.570898,-9.088708, 3.406800
-6.555192,3.570898,-9.047443, 3.186022
-6.555192,3.570898,-9.057489, 2.986549
-6.555192,3.570898,-9.061844, 2.787598
-6.555192,3.570898,-9.095802, 2.599388
-9.656357,2.551082,-9.090261, 2.401527
-9.656346,2.344871,-9.110907, 2.212421
-9.600245,2.128182,-9.114046, 2.020401
-9.575081,1.922080,-9.133857, 1.833510
-9.523115,1.714852,-9.133857, 1.833510
-9.491643,1.514342,-9.133857, 1.833510
-9.416906,1.310120,-9.782394, 1.360968
-9.394893,1.116170,-9.821437, 1.166846
-9.374779,0.923853,-9.862312, 0.971898
-9.343590,0.732065,-9.899924, 0.775654
-9.334364,0.543336,-9.921837, 0.577532
-9.301933,0.354251,-9.963068, 0.379429
-9.301933,0.354251,-9.963068, 0.379429
-9.301933,0.354251,-9.963068, 0.379429
-9.301933,0.354251,-9.963068, 0.379429
-9.881336,-0.417644,-9.963068, 0.379429
-9.866460,-0.615656,-9.963068, 0.379429
-9.867608,-0.814619,-9.963068, 0.379429
-9.876858,-1.015333,-9.963068, 0.379429
-9.879929,-1.216540,-8.064634, -0.993018
-9.879884,-1.418180,-8.129792, -1.166968
-9.879884,-1.418180,-8.129792, -1.166968
-9.879884,-1.418180,-8.129792, -1.166968
-9.879884,-1.418180,-8.129792, -1.166968
-9.879884,-1.418180,-8.129792, -1.166968
-9.879884,-1.418180,-8.129792, -1.166968
-9.879884,-1.418180,-8.129792, -1.166968
-9.879884,-1.418180,-8.129792, -1.166968
-7.820690,-2.442933,-8.129792, -1.166968
-7.682495,-2.570125,-8.129792, -1.166968
-7.682495,-2.570125,-8.129792, -1.166968
-7.682495,-2.570125,-8.129792, -1.166968
-7.682495,-2.570125,-8.129792, -1.166968
-7.682495,-2.570125,-8.129792, -1.166968
-7.682495,-2.570125,-8.129792, -1.166968
-7.682495,-2.570125,-8.129792, -1.166968
-7.682495,-2.570125,-8.129792, -1.166968
-7.682495,-2.570125,-8.129792, -1.166968
-7.682495,-2.570125,-8.129792, -1.166968
-7.682495,-2.570125,-8.129792, -1.166968
-7.682495,-2.570125,-8.129792, -1.166968
-7.682495,-2.570125,-8.129792, -1.166968
-7.682495,-2.570125,-8.129792, -1.166968
-7.682495,-2.570125,-8.129792, -1.166968
-7.682495,-2.570125,-8.129792, -1.166968
-7.682495,-2.570125,-8.129792, -1.166968
-7.682495,-2.570125,-8.129792, -1.166968
-7.682495,-2.570125,-8.129792, -1.166968
-7.682495,-2.570125,-8.129792, -1.166968
-7.682495,-2.570125,-8.129792, -1.166968
-7.682495,-2.570125,-3.638821, -3.347898
-7.682495,-2.570125,-3.427853, -3.283228
-7.682495,-2.570125,-3.217525, -3.207959
-7.682495,-2.570125,-3.033582, -3.148435
-7.682495,-2.570125,-2.889153, -3.121203
-7.682495,-2.570125,-2.849429, -3.204329
-7.682495,-2.570125,-2.783899, -3.259696
-7.682495,-2.570125,-2.750882, -3.354788
-7.682495,-2.570125,-2.735175, -3.475253
-3.018563,-3.997690,-2.693095, -3.566651
-2.791914,-3.855930,-2.649602, -3.659381
-2.635216,-3.797718,-2.589464, -3.731782
-2.443425,-3.676595,-2.560805, -3.853215
-2.285731,-3.593827,-2.517514, -3.958257
-2.204014,-3.624127,-2.480160, -4.078202
-2.161418,-3.720229,-2.452105, -4.220558
-2.112088,-3.809377,-2.402138, -4.332513
-2.072819,-3.922101,-2.376916, -4.497501
-2.017961,-4.010347,-2.376916, -4.497501
-1.961930,-4.100377,-2.376916, -4.497501
-1.891354,-4.164722,-2.376916, -4.497501
-1.839517,-4.275465,-2.376916, -4.497501
-1.767349,-4.345260,-2.376916, -4.497501
-1.737337,-4.529378,-2.376916, -4.497501
-1.678324,-4.652630,-3.387721, -9.391402
-1.598843,-4.727466,-3.185405, -9.418620
-1.598843,-4.727466,-2.992326, -9.470111
-1.598843,-4.727466,-2.789998, -9.488690
-1.598843,-4.727466,-2.594142, -9.525006
-1.598843,-4.727466,-2.594142, -9.525006
-1.598843,-4.727466,-2.594142, -9.525006
-1.598843,-4.727466,-2.594142, -9.525006
-1.845079,-9.825534,-2.594142, -9.525006
-1.644946,-9.845404,-1.623385, -9.716354
-1.438785,-9.819802,-1.424013, -9.718983
-1.241693,-9.848374,-1.230320, -9.758168
-1.038654,-9.821307,-1.035577, -9.792213
-0.843003,-9.849072,-0.840441, -9.819130
-0.843003,-9.849072,-0.644984, -9.849575
-0.843003,-9.849072,-0.449249, -9.896353
-0.843003,-9.849072,-0.250849, -9.906476
-0.843003,-9.849072,-0.052318, -9.953040
0.145562,-9.822857,0.097878, -6.605042
0.342415,-9.814573,0.225247, -6.456222
0.538965,-9.796592,0.351235, -6.384291
0.739164,-9.832280,0.480314, -6.389087
0.936401,-9.815520,0.616731, -6.464688
1.134704,-9.808300,0.616731, -6.464688
1.337463,-9.828808,0.616731, -6.464688
1.538016,-9.823284,0.616731, -6.464688
1.739080,-9.822096,0.616731, -6.464688
1.265784,-6.402690,0.616731, -6.464688
1.368710,-6.263247,0.616731, -6.464688
1.491035,-6.224383,0.616731, -6.464688
1.642762,-6.298635,0.616731, -6.464688
1.792124,-6.347825,1.948872, -6.903034
1.792124,-6.347825,2.083700, -6.851801
1.792124,-6.347825,2.083700, -6.851801
1.792124,-6.347825,2.083700, -6.851801
1.792124,-6.347825,2.083700, -6.851801
1.792124,-6.347825,2.083700, -6.851801
1.792124,-6.347825,2.083700, -6.851801
1.792124,-6.347825,2.083700, -6.851801
3.029319,-6.502944,2.083700, -6.851801
3.145932,-6.414046,2.083700, -6.851801
3.296176,-6.392375,2.083700, -6.851801
3.492043,-6.451318,2.083700, -6.851801
3.492043,-6.451318,2.083700, -6.851801
3.492043,-6.451318,2.083700, -6.851801
3.492043,-6.451318,2.083700, -6.851801
3.492043,-6.451318,2.083700, -6.851801
3.492043,-6.451318,2.083700, -6.851801
3.492043,-6.451318,2.083700, -6.851801
3.492043,-6.451318,2.083700, -6.851801
3.492043,-6.451318,2.083700, -6.851801
3.492043,-6.451318,2.083700, -6.851801
3.492043,-6.451318,2.083700, -6.851801
3.492043,-6.451318,2.083700, -6.851801
3.492043,-6.451318,2.083700, -6.851801
3.492043,-6.451318,2.083700, -6.851801
3.492043,-6.451318,2.083700, -6.851801
3.492043,-6.451318,2.083700, -6.851801
3.492043,-6.451318,2.083700, -6.851801
3.492043,-6.451318,2.083700, -6.851801
3.492043,-6.451318,2.083700, -6.851801
3.492043,-6.451318,7.447626, -6.189906
3.492043,-6.451318,7.447626, -6.189906
3.492043,-6.451318,7.447626, -6.189906
3.492043,-6.451318,7.447626, -6.189906
3.492043,-6.451318,7.447626, -6.189906
3.492043,-6.451318,7.447626, -6.189906
3.492043,-6.451318,7.447626, -6.189906
3.492043,-6.451318,3.383950, -2.089977
8.420594,-4.970225,3.326106, -1.963222
8.442186,-4.757279,3.271880, -1.843746
8.442186,-4.757279,3.038399, -1.632777
8.442186,-4.757279,2.927978, -1.498475
8.442186,-4.757279,2.894390, -1.408663
8.442186,-4.757279,2.824587, -1.305271
8.442186,-4.757279,2.749557, -1.204230
8.442186,-4.757279,2.681421, -1.110822
3.672381,-1.435991,2.615412, -1.022690
3.510500,-1.292653,2.560503, -0.942840
3.457774,-1.195302,2.529847, -0.874531
3.244310,-1.049441,2.438576, -0.788810
3.195364,-0.963427,2.422708, -0.730465
3.147428,-0.880613,2.418702, -0.676724
2.949360,-0.761740,2.320799, -0.599400
2.882495,-0.683072,2.269445, -0.537796
2.779762,-0.600117,2.213827, -0.477939
2.724020,-0.531020,2.197165, -0.428315
2.693142,-0.469113,2.152953, -0.375018
2.639936,-0.405433,2.147777, -0.329849
2.521498,-0.335613,2.089380, -0.278097
2.492738,-0.280980,2.062164, -0.232446
2.444643,-0.225981,2.013566, -0.186132
2.365210,-0.170851,1.989089, -0.143681
2.298915,-0.119766,1.948037, -0.101486
2.270573,-0.072661,1.933100, -0.061862
2.196415,-0.026218,1.899849, -0.022678
2.164665,0.017434,1.893913, 0.015253
2.147861,0.060283,1.867005, 0.052401
2.087566,0.100426,1.847123, 0.088859
2.056139,0.140226,1.806856, 0.123225
2.001926,0.176882,1.775939, 0.156915
1.976379,0.214645,1.742500, 0.189244
1.935529,0.249552,1.733450, 0.223498
1.901132,0.284031,1.716486, 0.256445
1.861875,0.316496,1.692955, 0.287781
1.839675,0.350852,1.669739, 0.318443
1.822546,0.385652,1.648218, 0.348764
1.784821,0.415249,1.614730, 0.375676
1.747850,0.443802,1.588311, 0.403293
1.714523,0.472120,1.567131, 0.431533
1.684590,0.500223,1.566754, 0.465233
1.665247,0.530854,1.544675, 0.492418
1.637121,0.558147,1.514629, 0.516386
1.605991,0.583611,1.494547, 0.543112
1.582506,0.611213,1.478893, 0.571195
1.539542,0.630354,1.450703, 0.593980
1.529894,0.662517,1.438089, 0.622761
1.517310,0.693566,1.424162, 0.650988
1.474256,0.710029,1.416634, 0.682277
1.452306,0.735719,1.388460, 0.703375
1.419628,0.755358,1.362742, 0.725090
1.409635,0.786736,1.338481, 0.747024
1.374153,0.803531,1.317107, 0.770174
1.344494,0.822797,1.301888, 0.796723
1.309792,0.838149,1.291534, 0.826465
1.305814,0.873041,1.283912, 0.858398
1.278082,0.892093,1.265586, 0.883371
1.252867,0.912416,1.240824, 0.903646
1.239513,0.941253,1.229151, 0.933384
1.221409,0.966586,1.205035, 0.953628
1.181600,0.974102,1.176573, 0.969958
1.187186,1.019323,1.181583, 1.014512
1.143851,1.022592,1.158595, 1.035773
1.131658,1.053246,1.131441, 1.053044
1.113468,1.078773,1.109837, 1.075255
1.079854,1.089070,1.083360, 1.092606
1.057864,1.110616,1.093048, 1.147555
1.031110,1.126989,1.093048, 1.147555
1.004115,1.142706,1.093048, 1.147555
0.988911,1.172021,1.093048, 1.147555
0.959921,1.185085,1.093048, 1.147555
0.950568,1.222876,1.093048, 1.147555
0.931031,1.248323,1.093048, 1.147555
0.900825,1.259500,1.093048, 1.147555
0.878779,1.282037,1.093048, 1.147555
0.878779,1.282037,1.093048, 1.147555
0.878779,1.282037,1.093048, 1.147555
0.878779,1.282037,1.093048, 1.147555
0.878779,1.282037,1.093048, 1.147555
0.878779,1.282037,1.093048, 1.147555
0.878779,1.282037,4.036599, 7.741730
0.878779,1.282037,3.854720, 7.769584
0.878779,1.282037,3.691344, 7.831245
0.878779,1.282037,3.516279, 7.865459
0.878779,1.282037,3.361077, 7.941982
0.878779,1.282037,3.200931, 8.007808
0.878779,1.282037,3.033099, 8.053170
0.878779,1.282037,2.865260, 8.096523
0.878779,1.282037,2.715531, 8.192300
2.577063,8.330627,2.544007, 8.223769
2.394776,8.328132,2.731732, 9.499941
2.222423,8.353280,2.537879, 9.538964
2.053384,8.390025,2.537879, 9.538964
1.880335,8.408627,2.537879, 9.538964
1.709168,8.432405,2.537879, 9.538964
1.540591,8.469407,2.537879, 9.538964
1.370698,8.500059,1.562608, 9.690142
1.199841,8.526091,1.367722, 9.719058
1.181915,9.822304,1.175174, 9.766281
0.981429,9.813677,0.976837, 9.767764
0.981429,9.813677,0.782126, 9.806273
0.981429,9.813677,0.586675, 9.843704
0.981429,9.813677,0.391053, 9.905674
0.981429,9.813677,0.192789, 9.938654
0.981429,9.813677,-0.005887, 9.940025
-0.201242,9.813479,-0.204913, 9.992517
-0.396175,9.781065,-0.204913, 9.992517
-0.593518,9.806454,-0.204913, 9.992517
-0.788768,9.782983,-0.204913, 9.992517
-0.987655,9.796605,-0.204913, 9.992517
-1.185887,9.790558,-0.204913, 9.992517
-1.387724,9.804287,-0.204913, 9.992517
-1.588832,9.802469,-0.204913, 9.992517
-1.787867,9.782722,-0.204913, 9.992517
-1.990936,9.779533,-1.459486, 7.169033
-1.990936,9.779533,-1.600050, 7.125228
-1.990936,9.779533,-1.749163, 7.117521
-1.990936,9.779533,-1.749163, 7.117521
-1.990936,9.779533,-1.749163, 7.117521
-1.990936,9.779533,-2.326878, 7.490634
-1.990936,9.779533,-2.457687, 7.385465
-1.990936,9.779533,-2.594283, 7.303600
-2.596595,6.870147,-2.594283, 7.303600
-2.721275,6.786810,-2.594283, 7.303600
-2.868603,6.759710,-2.594283, 7.303600
-3.020503,6.739506,-3.404829, 7.597034
-3.020503,6.739506,-3.524611, 7.460459
-3.020503,6.739506,-2.184260, 4.393315
-3.630471,6.949030,-2.243574, 4.294391
-3.722635,6.790267,-2.346292, 4.279751
-3.852951,6.704980,-4.539739, 7.900143
-4.077401,6.776922,-4.600072, 7.645636
-4.077401,6.776922,-4.775673, 7.588331
-4.077401,6.776922,-4.775673, 7.588331
-4.729316,6.885351,-4.775673, 7.588331
-4.800553,6.697062,-4.775673, 7.588331
-2.931509,3.922014,-5.106284, 6.831607
-2.994922,3.844489,-5.231763, 6.715854
-3.081266,3.796393,-5.412551, 6.668743
-5.801209,6.862793,-5.412551, 6.668743
-5.903265,6.706535,-5.265359, 5.981828
-6.062321,6.615208,-5.344233, 5.831630
-6.062321,6.615208,-5.431146, 5.692837
-6.062321,6.615208,-5.431146, 5.692837
-6.167038,5.965460,-5.431146, 5.692837
-6.243203,5.800932,-5.431146, 5.692837
-6.323842,5.643698,-5.546803, 4.950231
-6.323842,5.643698,-5.591290, 4.791794
-6.234755,5.129898,-5.767571, 4.745503
-6.191797,4.889463,-5.767571, 4.745503
-6.285628,4.762125,-5.767571, 4.745503
-6.424780,4.667448,-5.767571, 4.745503
-6.424780,4.667448,-5.767571, 4.745503
-6.424780,4.667448,-5.767571, 4.745503
-6.424780,4.667448,-5.767571, 4.745503
-6.298758,3.845642,-5.767571, 4.745503
-6.363452,3.712525,-5.767571, 4.745503
-6.460163,3.597672,-5.767571, 4.745503
-6.460163,3.597672,-5.767571, 4.745503
-6.460163,3.597672,-5.767571, 4.745503
-6.460163,3.597672,-5.767571, 4.745503
-6.460163,3.597672,-9.018126, 4.113696
-6.460163,3.597672,-9.078356, 3.922958
-6.460163,3.597672,-9.041244, 3.693375
-6.460163,3.597672,-9.063479, 3.491827
-6.460163,3.597672,-9.063696, 3.284605
-6.460163,3.597672,-9.084089, 3.087240
-6.460163,3.597672,-9.073672, 2.882093
-6.460163,3.597672,-9.051569, 2.676535
-9.637249,2.642069,-9.089586, 2.491926
-9.605119,2.428349,-9.083059, 2.296363
-9.608547,2.226079,-9.099682, 2.108187
-9.553073,2.012938,-9.112307, 1.920063
-9.571866,1.817528,-9.112307, 1.920063
-9.505860,1.608475,-9.112307, 1.920063
-9.495047,1.411230,-9.112307, 1.920063
-9.450011,1.211177,-9.807750, 1.257027
-9.403987,1.013781,-9.819803, 1.058607
-9.359114,0.819270,-9.881602, 0.865007
-9.354998,0.629938,-9.911531, 0.667413
-9.320836,0.439942,-9.938061, 0.469075
-9.306903,0.252344,-9.947504, 0.269713
-9.306903,0.252344,-9.947504, 0.269713
-9.306903,0.252344,-9.947504, 0.269713
-9.306903,0.252344,-9.947504, 0.269713
-9.876109,-0.525502,-9.947504, 0.269713
-9.879406,-0.724706,-9.947504, 0.269713
-9.868472,-0.922751,-9.947504, 0.269713
-9.872515,-1.122350,-8.198342, -0.932023
-9.882336,-1.324195,-8.071072, -1.081493
-9.882336,-1.324195,-8.071072, -1.081493
-9.882336,-1.324195,-8.071072, -1.081493
-9.882336,-1.324195,-8.071072, -1.081493
-9.882336,-1.324195,-8.071072, -1.081493
-9.882336,-1.324195,-8.071072, -1.081493
-9.882336,-1.324195,-8.071072, -1.081493
-9.882336,-1.324195,-8.071072, -1.081493
-7.836280,-2.369449,-8.071072, -1.081493
-7.690718,-2.494939,-8.071072, -1.081493
-7.690718,-2.494939,-8.071072, -1.081493
-7.690718,-2.494939,-8.071072, -1.081493
-7.690718,-2.494939,-8.071072, -1.081493
-7.690718,-2.494939,-8.071072, -1.081493
-7.690718,-2.494939,-8.071072, -1.081493
-7.690718,-2.494939,-8.071072, -1.081493
-7.690718,-2.494939,-8.071072, -1.081493
-7.690718,-2.494939,-8.071072, -1.081493
-7.690718,-2.494939,-8.071072, -1.081493
-7.690718,-2.494939,-8.071072, -1.081493
-7.690718,-2.494939,-8.071072, -1.081493
-7.690718,-2.494939,-8.071072, -1.081493
-7.690718,-2.494939,-8.071072, -1.081493
-7.690718,-2.494939,-8.071072, -1.081493
-7.690718,-2.494939,-8.071072, -1.081493
-7.690718,-2.494939,-8.071072, -1.081493
-7.690718,-2.494939,-8.071072, -1.081493
-7.690718,-2.494939,-8.071072, -1.081493
-7.690718,-2.494939,-8.071072, -1.081493
-7.690718,-2.494939,-8.071072, -1.081493
-7.690718,-2.494939,-3.712477, -3.352712
-7.690718,-2.494939,-3.572483, -3.358395
-7.690718,-2.494939,-3.385031, -3.312208
-7.690718,-2.494939,-3.128130, -3.185875
-7.690718,-2.494939,-2.996794, -3.176949
-7.690718,-2.494939,-2.863491, -3.160238
-7.690718,-2.494939,-2.800374, -3.217995
-7.690718,-2.494939,-2.768191, -3.312895
-7.690718,-2.494939,-2.736377, -3.411761
-3.054025,-3.968482,-2.719002, -3.533144
-2.954941,-4.003524,-2.644635, -3.583103
-2.764370,-3.907031,-2.597862, -3.671696
-2.558901,-3.775097,-2.571685, -3.793957
-2.311201,-3.561480,-2.552640, -3.933529
-2.225576,-3.584063,-2.497367, -4.021756
-2.181560,-3.674748,-2.460846, -4.145194
-2.141323,-3.776881,-2.433687, -4.292554
-2.077082,-3.840408,-2.366193, -4.374959
-2.027139,-3.934287,-2.316146, -4.495195
-1.974666,-4.028680,-2.316146, -4.495195
-1.942296,-4.172441,-2.316146, -4.495195
-1.867982,-4.232612,-2.316146, -4.495195
-1.793148,-4.294696,-2.316146, -4.495195
-1.736357,-4.405324,-2.316146, -4.495195
-1.709225,-4.605390,-3.474996, -9.363139
-1.629512,-4.676180,-3.284454, -9.425332
-1.568055,-4.808418,-3.079243, -9.442455
-1.568055,-4.808418,-2.888821, -9.501355
-1.568055,-4.808418,-2.685508, -9.513870
-1.568055,-4.808418,-2.685508, -9.513870
-1.568055,-4.808418,-2.685508, -9.513870
-1.568055,-4.808418,-2.685508, -9.513870
-1.568055,-4.808418,-2.685508, -9.513870
-1.738032,-9.836122,-2.685508, -9.513870
-1.535281,-9.832172,-1.516494, -9.711859
-1.335525,-9.841339,-1.320399, -9.729877
-1.134458,-9.833709,-1.127632, -9.774533
-0.940572,-9.890627,-0.935016, -9.832201
-0.940572,-9.890627,-0.736432, -9.831095
-0.940572,-9.890627,-0.540982, -9.881580
-0.940572,-9.890627,-0.343060, -9.907033
-0.940572,-9.890627,-0.144295, -9.922484
0.054392,-9.828381,0.055126, -9.960954
0.251515,-9.822460,0.166861, -6.516445
0.448540,-9.814368,0.292576, -6.401775
0.646096,-9.817199,0.421913, -6.410812
0.843775,-9.826861,0.556167, -6.477294
1.039111,-9.803493,0.689481, -6.504904
1.237715,-9.805012,0.689481, -6.504904
1.441019,-9.830523,0.689481, -6.504904
1.638271,-9.804207,0.689481, -6.504904
1.219665,-6.495579,0.689481, -6.504904
1.323278,-6.343512,0.689481, -6.504904
1.434555,-6.246824,0.689481, -6.504904
1.566257,-6.242637,0.689481, -6.504904
1.566257,-6.242637,1.880821, -6.905311
1.566257,-6.242637,2.011999, -6.841833
1.566257,-6.242637,2.160317, -6.835757
1.566257,-6.242637,2.160317, -6.835757
1.566257,-6.242637,2.160317, -6.835757
1.566257,-6.242637,2.160317, -6.835757
1.566257,-6.242637,2.160317, -6.835757
1.566257,-6.242637,2.160317, -6.835757
1.566257,-6.242637,2.160317, -6.835757
3.087700,-6.449203,2.160317, -6.835757
3.218471,-6.391346,2.160317, -6.835757
3.218471,-6.391346,2.160317, -6.835757
3.218471,-6.391346,2.160317, -6.835757
3.218471,-6.391346,2.160317, -6.835757
3.218471,-6.391346,2.160317, -6.835757
3.218471,-6.391346,2.160317, -6.835757
3.218471,-6.391346,2.160317, -6.835757
3.218471,-6.391346,2.160317, -6.835757
3.218471,-6.391346,2.160317, -6.835757
3.218471,-6.391346,2.160317, -6.835757
3.218471,-6.391346,2.160317, -6.835757
3.218471,-6.391346,2.160317, -6.835757
3.218471,-6.391346,2.160317, -6.835757
3.218471,-6.391346,2.160317, -6.835757
3.218471,-6.391346,2.160317, -6.835757
3.218471,-6.391346,2.160317, -6.835757
3.218471,-6.391346,2.160317, -6.835757
3.218471,-6.391346,2.160317, -6.835757
3.218471,-6.391346,2.160317, -6.835757
3.218471,-6.391346,2.160317, -6.835757
3.218471,-6.391346,7.399859, -6.272783
3.218471,-6.391346,7.399859, -6.272783
3.218471,-6.391346,7.399859, -6.272783
3.218471,-6.391346,7.399859, -6.272783
3.218471,-6.391346,7.399859, -6.272783
3.218471,-6.391346,7.399859, -6.272783
3.218471,-6.391346,7.399859, -6.272783
3.218471,-6.391346,7.399859, -6.272783
3.218471,-6.391346,3.338494, -2.013329
8.403533,-4.839932,3.308244, -1.905351
8.403533,-4.839932,3.174178, -1.744053
8.403533,-4.839932,2.985587, -1.563112
8.403533,-4.839932,2.966076, -1.477818
8.403533,-4.839932,2.852165, -1.350682
8.403533,-4.839932,2.766790, -1.243094
8.403533,-4.839932,2.724363, -1.158922
3.737862,-1.502206,2.649946, -1.064985
3.644680,-1.380402,2.632203, -0.996932
3.491730,-1.242911,2.545025, -0.905923
3.397610,-1.133138,2.528121, -0.843155
3.226775,-1.004636,2.417837, -0.752778
3.117309,-0.902300,2.372713, -0.686778
3.052932,-0.817675,2.355084, -0.630768
2.950019,-0.726993,2.299376, -0.566650
2.910588,-0.655640,2.264426, -0.510085
2.858928,-0.583972,2.255128, -0.460638
2.704695,-0.496208,2.178581, -0.399686
2.666943,-0.434034,2.177489, -0.354378
2.558622,-0.363559,2.102482, -0.298745
2.507669,-0.304867,2.081762, -0.253088
2.438515,-0.246684,2.038556, -0.206223
2.392943,-0.193636,2.019204, -0.163393
2.325940,-0.141507,1.961223, -0.119318
2.282250,-0.093124,1.950792, -0.079600
2.253197,-0.046887,1.910515, -0.039756
2.200090,-0.001787,1.866133, -0.001516
2.145093,0.041173,1.863646, 0.035771
2.120931,0.083270,1.843777, 0.072388
2.071958,0.123018,1.815428, 0.107787
2.027390,0.161255,1.773403, 0.141054
2.007832,0.200338,1.783219, 0.177926
1.965548,0.236048,1.738646, 0.208799
1.921484,0.269979,1.725040, 0.242377
1.900677,0.306044,1.696973, 0.273244
1.866725,0.339162,1.695258, 0.308009
1.839191,0.372442,1.657442, 0.335638
1.795932,0.401354,1.638027, 0.366066
1.746896,0.427372,1.602376, 0.392016
1.731253,0.460538,1.586992, 0.422162
1.701943,0.489507,1.573086, 0.452446
1.682312,0.520503,1.532730, 0.474223
1.622736,0.537892,1.527694, 0.506389
1.607355,0.568759,1.496789, 0.529635
1.588618,0.598197,1.493834, 0.562506
1.546925,0.618160,1.472694, 0.588497
1.531659,0.647974,1.460378, 0.617819
1.517086,0.677997,1.421475, 0.635267
1.471708,0.693451,1.400225, 0.659769
1.457878,0.723047,1.389921, 0.689343
1.429758,0.745225,1.373839, 0.716079
1.405180,0.768671,1.347212, 0.736961
1.386576,0.795044,1.348577, 0.773256
1.360551,0.816832,1.334325, 0.801086
1.328154,0.834080,1.303068, 0.818326
1.316894,0.864119,1.287665, 0.844940
1.291930,0.885121,1.265949, 0.867321
1.276404,0.912495,1.246605, 0.891192
1.235313,0.920964,1.245627, 0.928653
1.229142,0.955234,1.201490, 0.933744
1.206293,0.976860,1.215174, 0.984052
1.168980,0.986127,1.166086, 0.983685
1.151908,1.011945,1.162136, 1.020929
1.143300,1.045829,1.138530, 1.041465
1.111231,1.058229,1.126265, 1.072545
1.098647,1.089123,1.106485, 1.096893
1.067453,1.101537,1.088306, 1.123055
1.049957,1.127942,1.088306, 1.123055
1.011785,1.131646,1.088306, 1.123055
1.008821,1.174905,1.088306, 1.123055
0.982574,1.191963,1.088306, 1.123055
0.947315,1.197323,1.088306, 1.123055
0.945069,1.245015,1.088306, 1.123055
0.913031,1.254242,1.088306, 1.123055
0.892968,1.279677,1.088306, 1.123055
0.877005,1.311967,1.088306, 1.123055
0.877005,1.311967,1.088306, 1.123055
0.877005,1.311967,1.088306, 1.123055
0.877005,1.311967,1.088306, 1.123055
0.877005,1.311967,1.088306, 1.123055
0.877005,1.311967,1.088306, 1.123055
0.877005,1.311967,3.910293, 7.717297
0.877005,1.311967,3.753650, 7.792221
0.877005,1.311967,3.598183, 7.869735
0.877005,1.311967,3.426177, 7.909476
0.877005,1.311967,3.261806, 7.964571
0.877005,1.311967,3.098690, 8.021152
0.877005,1.311967,2.947791, 8.108061
0.877005,1.311967,2.785212, 8.164703
2.631129,8.248730,2.637534, 8.268810
2.469661,8.312849,2.812888, 9.468145
2.292344,8.322928,2.623137, 9.523957
2.124687,8.365554,2.623137, 9.523957
1.954071,8.395732,2.623137, 9.523957
1.786558,8.440020,2.623137, 9.523957
1.612458,8.451759,2.623137, 9.523957
1.440359,8.470344,1.641260, 9.651788
1.272826,8.515954,1.450793, 9.706653
1.266688,9.819406,1.257207, 9.745907
1.066560,9.816729,1.063916, 9.792396
1.066560,9.816729,0.864480, 9.779544
1.066560,9.816729,0.670450, 9.830435
1.066560,9.816729,0.473997, 9.863391
1.066560,9.816729,0.277167, 9.908437
1.066560,9.816729,0.078523, 9.939392
-0.119021,9.810138,-0.120831, 9.959372
-0.315476,9.818390,-0.120831, 9.959372
-0.510478,9.787938,-0.120831, 9.959372
-0.707940,9.796477,-0.120831, 9.959372
-0.906840,9.812111,-0.120831, 9.959372
-1.102375,9.783795,-0.120831, 9.959372
-1.302424,9.790847,-0.120831, 9.959372
-1.506800,9.815586,-0.120831, 9.959372
-1.707872,9.808439,-0.120831, 9.959372
-1.906544,9.784200,-1.423283, 7.304151
-1.906544,9.784200,-1.539874, 7.135599
-1.906544,9.784200,-1.696536, 7.161631
-1.906544,9.784200,-1.879832, 7.280851
-1.906544,9.784200,-1.879832, 7.280851
-1.906544,9.784200,-1.879832, 7.280851
-1.906544,9.784200,-1.879832, 7.280851
-1.906544,9.784200,-2.528276, 7.318111
-1.906544,9.784200,-2.675348, 7.270081
-2.710194,6.933719,-2.856540, 7.308130
-2.787576,6.731205,-2.856540, 7.308130
-2.968169,6.779320,-3.328213, 7.601663
-2.968169,6.779320,-3.457695, 7.484817
-2.968169,6.779320,-2.140268, 4.398856
-3.592657,7.021926,-2.212861, 4.325085
-3.682676,6.854952,-2.290233, 4.263051
-3.803601,6.751325,-2.414291, 4.285325
-4.013221,6.800778,-4.544199, 7.700570
-4.013221,6.800778,-4.708714, 7.625286
-4.013221,6.800778,-4.708714, 7.625286
-4.643597,6.885611,-4.708714, 7.625286
-4.752011,6.750138,-4.708714, 7.625286
-2.884335,3.927367,-5.049233, 6.875136
-2.964404,3.871134,-5.160536, 6.739002
-3.044963,3.815926,-5.334129, 6.684694
-5.768808,6.940123,-5.334129, 6.684694
-5.864565,6.774917,-5.334129, 6.684694
-5.996455,6.653347,-5.306434, 5.887736
-6.221191,6.630735,-5.379491, 5.733626
-6.221191,6.630735,-5.537591, 5.669901
-6.110107,6.010090,-5.537591, 5.669901
-6.190949,5.850011,-5.537591, 5.669901
-6.326896,5.742458,-5.445262, 4.942264
-6.326896,5.742458,-5.546361, 4.834458
-6.326896,5.742458,-5.683137, 4.756451
-6.252471,5.023028,-5.867091, 4.713427
-6.246909,4.815580,-5.867091, 4.713427
-6.334797,4.684468,-5.867091, 4.713427
-6.615834,4.691406,-5.867091, 4.713427
-6.615834,4.691406,-5.867091, 4.713427
-6.332865,4.120798,-5.867091, 4.713427
-6.283567,3.912073,-5.867091, 4.713427
-6.310497,3.755630,-5.867091, 4.713427
-6.398393,3.636141,-5.867091, 4.713427
-6.647734,3.603300,-5.867091, 4.713427
-6.647734,3.603300,-5.867091, 4.713427
-6.647734,3.603300,-5.867091, 4.713427
-6.647734,3.603300,-9.041549, 4.217776
-6.647734,3.603300,-9.069400, 4.011138
-6.647734,3.603300,-9.070385, 3.795870
-6.647734,3.603300,-9.084178, 3.589069
-6.647734,3.603300,-9.051478, 3.367770
-6.647734,3.603300,-9.071311, 3.169418
-6.647734,3.603300,-9.064871, 2.964525
-6.647734,3.603300,-9.108079, 2.777705
-6.647734,3.603300,-9.081961, 2.571867
-9.647168,2.524836,-9.083208, 2.377238
-9.630170,2.315654,-9.102293, 2.188722
-9.591459,2.104326,-9.109272, 1.998536
-9.572628,1.900189,-9.238966, 1.833956
-9.519155,1.692139,-9.238966, 1.833956
-9.511369,1.494672,-9.238966, 1.833956
-9.415011,1.286739,-9.791957, 1.338256
-9.434839,1.096966,-9.811350, 1.140742
-9.369958,0.899196,-9.865516, 0.946753
-9.380203,0.710489,-9.898948, 0.749780
-9.345166,0.519421,-9.945385, 0.552783
-9.315261,0.330453,-9.939122, 0.352584
-9.315261,0.330453,-9.975640, 0.153538
-9.315261,0.330453,-9.975640, 0.153538
-9.904741,-0.243633,-9.975640, 0.153538
-9.886910,-0.440640,-9.975640, 0.153538
-9.874234,-0.637852,-9.975640, 0.153538
-9.873587,-0.836202,-9.975640, 0.153538
-9.882271,-1.036563,-9.975640, 0.153538
-9.886979,-1.237807,-8.113110, -1.015726
-9.870799,-1.437295,-8.011324, -1.166535
-9.870799,-1.437295,-8.011324, -1.166535
-9.870799,-1.437295,-8.011324, -1.166535
-9.870799,-1.437295,-8.011324, -1.166535
-9.870799,-1.437295,-8.011324, -1.166535
-9.870799,-1.437295,-8.011324, -1.166535
-9.870799,-1.437295,-8.011324, -1.166535
-9.870799,-1.437295,-8.011324, -1.166535
-7.795665,-2.455799,-8.011324, -1.166535
-7.814065,-2.635163,-8.011324, -1.166535
-7.814065,-2.635163,-8.011324, -1.166535
-7.814065,-2.635163,-8.011324, -1.166535
-7.814065,-2.635163,-8.011324, -1.166535
-7.814065,-2.635163,-8.011324, -1.166535
-7.814065,-2.635163,-8.011324, -1.166535
-7.814065,-2.635163,-8.011324, -1.166535
-7.814065,-2.635163,-8.011324, -1.166535
-7.814065,-2.635163,-8.011324, -1.166535
-7.814065,-2.635163,-8.011324, -1.166535
-7.814065,-2.635163,-8.011324, -1.166535
-7.814065,-2.635163,-8.011324, -1.166535
-7.814065,-2.635163,-8.011324, -1.166535
-7.814065,-2.635163,-8.011324, -1.166535
-7.814065,-2.635163,-8.011324, -1.166535
-7.814065,-2.635163,-8.011324, -1.166535
-7.814065,-2.635163,-8.011324, -1.166535
-7.814065,-2.635163,-8.011324, -1.166535
-7.814065,-2.635163,-8.011324, -1.166535
-7.814065,-2.635163,-8.011324, -1.166535
-7.814065,-2.635163,-8.011324, -1.166535
-7.814065,-2.635163,-3.625655, -3.349579
-7.814065,-2.635163,-3.442481, -3.310569
-7.814065,-2.635163,-3.261695, -3.265230
-7.814065,-2.635163,-3.075224, -3.204717
-7.814065,-2.635163,-2.936625, -3.185922
-7.814065,-2.635163,-2.815566, -3.180427
-7.814065,-2.635163,-2.781005, -3.271393
-7.814065,-2.635163,-2.736354, -3.352996
-7.814065,-2.635163,-2.723273, -3.477029
-2.958965,-3.938348,-2.685413, -3.574253
-2.772018,-3.847951,-2.644451, -3.670871
-2.567152,-3.718703,-2.616628, -3.790373
-2.414383,-3.651967,-2.559402, -3.871321
-2.263124,-3.577171,-2.518093, -3.980184
-2.203168,-3.641709,-2.485432, -4.108275
-2.155591,-3.729217,-2.437851, -4.217532
-2.112279,-3.829104,-2.408288, -4.365704
-2.053486,-3.905418,-2.345178, -4.460170
-2.007424,-4.010728,-2.345178, -4.460170
-1.939331,-4.076886,-2.345178, -4.460170
-1.891271,-4.190450,-2.345178, -4.460170
-1.856050,-4.342853,-2.345178, -4.460170
-1.785930,-4.422128,-2.345178, -4.460170
-1.720821,-4.520259,-2.345178, -4.460170
-1.657304,-4.631138,-3.359540, -9.387834
-1.606137,-4.788937,-3.160614, -9.423839
-1.606137,-4.788937,-2.963336, -9.461529
-1.606137,-4.788937,-2.763777, -9.487699
-1.606137,-4.788937,-2.575036, -9.546360
-1.606137,-4.788937,-2.575036, -9.546360
-1.606137,-4.788937,-2.575036, -9.546360
-1.606137,-4.788937,-2.575036, -9.546360
-1.824690,-9.827534,-2.575036, -9.546360
-1.624735,-9.845390,-1.599279, -9.691134
-1.419114,-9.822294,-1.403132, -9.711671
-1.219450,-9.830690,-1.208909, -9.745711
-1.020839,-9.843637,-1.016182, -9.798724
-1.020839,-9.843637,-0.822282, -9.853031
-1.020839,-9.843637,-0.624426, -9.868834
-1.020839,-9.843637,-0.427685, -9.910061
-1.020839,-9.843637,-0.228496, -9.911931
-1.020839,-9.843637,-0.029618, -9.959217
0.168020,-9.829497,0.112087, -6.557296
0.365607,-9.833568,0.238647, -6.418794
0.561869,-9.808083,0.365369, -6.377956
0.760163,-9.816262,0.495885, -6.403551
0.959040,-9.821517,0.644956, -6.604991
1.154747,-9.797887,0.644956, -6.604991
1.354242,-9.800731,0.644956, -6.604991
1.556811,-9.813474,0.644956, -6.604991
1.164322,-6.495335,0.644956, -6.604991
1.269501,-6.346497,0.644956, -6.604991
1.380640,-6.247464,0.644956, -6.604991
1.509074,-6.232684,0.644956, -6.604991
1.656562,-6.286955,0.644956, -6.604991
1.656562,-6.286955,1.968303, -6.904409
1.656562,-6.286955,2.099456, -6.840508
1.656562,-6.286955,2.275205, -6.915325
1.656562,-6.286955,2.275205, -6.915325
1.656562,-6.286955,2.275205, -6.915325
1.656562,-6.286955,2.275205, -6.915325
1.656562,-6.286955,2.275205, -6.915325
1.656562,-6.286955,2.275205, -6.915325
3.039729,-6.493857,2.275205, -6.915325
3.161195,-6.415755,2.275205, -6.915325
3.161195,-6.415755,2.275205, -6.915325
3.161195,-6.415755,2.275205, -6.915325
3.161195,-6.415755,2.275205, -6.915325
3.161195,-6.415755,2.275205, -6.915325
3.161195,-6.415755,2.275205, -6.915325
3.161195,-6.415755,2.275205, -6.915325
3.161195,-6.415755,2.275205, -6.915325
3.161195,-6.415755,2.275205, -6.915325
3.161195,-6.415755,2.275205, -6.915325
3.161195,-6.415755,2.275205, -6.915325
3.161195,-6.415755,2.275205, -6.915325
3.161195,-6.415755,2.275205, -6.915325
3.161195,-6.415755,2.275205, -6.915325
3.161195,-6.415755,2.275205, -6.915325
3.161195,-6.415755,2.275205, -6.915325
3.161195,-6.415755,2.275205, -6.915325
3.161195,-6.415755,2.275205, -6.915325
3.161195,-6.415755,2.275205, -6.915325
3.161195,-6.415755,2.275205, -6.915325
3.161195,-6.415755,7.346154, -6.338566
3.161195,-6.415755,7.542222, -6.248088
3.161195,-6.415755,7.542222, -6.248088
3.161195,-6.415755,7.542222, -6.248088
3.161195,-6.415755,7.542222, -6.248088
3.161195,-6.415755,7.542222, -6.248088
3.161195,-6.415755,7.542222, -6.248088
3.161195,-6.415755,7.542222, -6.248088
3.161195,-6.415755,3.378043, -2.075972
8.351787,-4.904295,3.260970, -1.914891
8.501348,-4.765377,3.219062, -1.804425
8.501348,-4.765377,3.104190, -1.659096
8.501348,-4.765377,3.040274, -1.547383
8.501348,-4.765377,2.923169, -1.414702
8.501348,-4.765377,2.775511, -1.275407
8.501348,-4.765377,2.753995, -1.199365
3.728168,-1.535578,2.649338, -1.091224
3.694895,-1.436005,2.648584, -1.029360
3.472160,-1.269974,2.550808, -0.932981
3.361358,-1.153562,2.495608, -0.856451
3.225500,-1.035104,2.446217, -0.785022
3.178935,-0.950282,2.427077, -0.725528
3.064710,-0.849501,2.369808, -0.656882
2.931376,-0.749327,2.295664, -0.586824
2.874710,-0.673348,2.261167, -0.529637
2.763592,-0.588787,2.208116, -0.470442
2.727870,-0.523941,2.198290, -0.422225
2.661654,-0.455911,2.133681, -0.365475
2.581233,-0.389278,2.129489, -0.321150
2.543941,-0.331874,2.095553, -0.273379
2.477714,-0.273105,2.067654, -0.227907
2.448054,-0.220471,2.053644, -0.184950
2.375735,-0.166169,1.999499, -0.139853
2.327501,-0.116000,1.970880, -0.098226
2.273124,-0.067638,1.938793, -0.057690
2.226464,-0.021596,1.893782, -0.018369
2.193518,0.022823,1.888153, 0.019645
2.151235,0.065592,1.831974, 0.055858
2.114844,0.107023,1.839339, 0.093081
2.057938,0.145605,1.815296, 0.128437
2.012774,0.183100,1.789221, 0.162763
1.956522,0.217657,1.759106, 0.195696
1.933136,0.254427,1.737437, 0.228670
1.927547,0.293137,1.707814, 0.259721
1.883035,0.325137,1.671011, 0.288527
1.836152,0.355094,1.646053, 0.318330
1.821443,0.390152,1.641269, 0.351558
1.803925,0.424290,1.627726, 0.382847
1.743385,0.447029,1.612638, 0.413504
1.707087,0.474331,1.560063, 0.433479
1.665180,0.498822,1.563955, 0.468499
1.645431,0.529083,1.526696, 0.490904
1.630087,0.560439,1.532536, 0.526901
1.605921,0.588445,1.494120, 0.547479
1.567604,0.610370,1.480568, 0.576481
1.559484,0.643575,1.460870, 0.602878
1.526673,0.666238,1.437633, 0.627381
1.471844,0.677815,1.413365, 0.650884
1.445052,0.700984,1.402016, 0.680108
1.432998,0.730988,1.394213, 0.711204
1.415967,0.758240,1.360931, 0.728769
1.399461,0.785736,1.338423, 0.751466
1.363524,0.801830,1.330049, 0.782144
1.345061,0.827626,1.308678, 0.805239
1.303468,0.838499,1.291979, 0.831108
1.313678,0.882798,1.258693, 0.845848
1.284469,0.901073,1.252610, 0.878724
1.254347,0.918065,1.232069, 0.901759
1.233955,0.941780,1.220015, 0.931141
1.203084,0.957022,1.207716, 0.960707
1.193369,0.989054,1.180076, 0.978036
1.161082,1.002268,1.174811, 1.014118
1.140041,1.024756,1.148495, 1.032355
1.128581,1.056121,1.136086, 1.063144
1.093973,1.065750,1.119484, 1.090602
1.082539,1.097915,1.096244, 1.111814
1.059003,1.118119,1.093321, 1.154353
1.024373,1.126051,1.093321, 1.154353
0.996916,1.140992,1.093321, 1.154353
0.979665,1.167511,1.093321, 1.154353
0.956130,1.186843,1.093321, 1.154353
0.940158,1.216272,1.093321, 1.154353
0.923219,1.245291,1.093321, 1.154353
0.903100,1.270797,1.093321, 1.154353
0.868417,1.275522,1.093321, 1.154353
0.868417,1.275522,1.093321, 1.154353
0.868417,1.275522,1.093321, 1.154353
0.868417,1.275522,1.093321, 1.154353
0.868417,1.275522,1.093321, 1.154353
0.868417,1.275522,1.093321, 1.154353
0.868417,1.275522,1.093321, 1.154353
0.868417,1.275522,3.814813, 7.753318
0.868417,1.275522,3.662306, 7.836523
0.868417,1.275522,3.496267, 7.890146
0.868417,1.275522,3.331824, 7.947894
0.868417,1.275522,3.168195, 8.006504
0.868417,1.275522,3.000694, 8.053912
0.868417,1.275522,2.846503, 8.136754
0.868417,1.275522,2.686145, 8.201383
2.528725,8.276994,2.890987, 9.462748
2.361684,8.322458,2.696347, 9.501793
2.189073,8.346257,2.696347, 9.501793
2.020925,8.385953,2.696347, 9.501793
1.851188,8.418698,2.696347, 9.501793
1.679168,8.439260,2.696347, 9.501793
1.511028,8.479985,2.696347, 9.501793
1.337344,8.488461,1.527289, 9.694088
1.169738,8.536051,1.331585, 9.717111
1.143509,9.803402,1.138638, 9.761635
0.945247,9.811365,0.943632, 9.794602
0.945247,9.811365,0.746525, 9.806503
0.945247,9.811365,0.554286, 9.880414
0.945247,9.811365,0.357246, 9.891556
0.945247,9.811365,0.160004, 9.919237
-0.037645,9.801999,-0.038265, 9.963345
-0.233556,9.789746,-0.237978, 9.975075
-0.430609,9.806294,-0.237978, 9.975075
-0.626890,9.790032,-0.237978, 9.975075
-0.826016,9.810604,-0.237978, 9.975075
-1.021138,9.774054,-0.237978, 9.975075
-1.223519,9.803037,-0.237978, 9.975075
-1.423983,9.803522,-0.237978, 9.975075
-1.621020,9.776623,-0.237978, 9.975075
-1.819356,9.754732,-0.237978, 9.975075
-2.025808,9.769536,-1.496981, 7.219249
-2.025808,9.769536,-1.628933, 7.133216
-2.025808,9.769536,-1.776905, 7.119226
-2.025808,9.769536,-1.776905, 7.119226
-2.025808,9.769536,-1.776905, 7.119226
-2.025808,9.769536,-2.377807, 7.559396
-2.025808,9.769536,-2.489688, 7.395624
-2.025808,9.769536,-2.630200, 7.325318
-2.624501,6.873925,-2.847274, 7.457399
-2.744173,6.777145,-2.847274, 7.457399
-2.880749,6.723988,-2.847274, 7.457399
-2.880749,6.723988,-3.404390, 7.525983
-2.880749,6.723988,-2.103983, 4.413113
-2.880749,6.723988,-2.192314, 4.370305
-3.626701,6.881493,-2.261179, 4.290481
-3.751524,6.784525,-4.413258, 7.981253
-3.905360,6.739718,-4.497884, 7.762273
-3.905360,6.739718,-4.648093, 7.662730
-3.905360,6.739718,-4.837976, 7.626656
-4.652571,7.020933,-4.837976, 7.626656
-4.718333,6.820728,-4.837976, 7.626656
-4.831259,6.694221,-5.056522, 7.006346
-2.929911,3.893351,-5.136315, 6.825284
-2.988817,3.810407,-5.261613, 6.707967
-3.116269,3.813019,-5.508515, 6.740135
-5.836635,6.856396,-5.508515, 6.740135
-5.943574,6.704520,-5.264073, 5.938023
-6.093170,6.601344,-5.346309, 5.792195
-6.093170,6.601344,-5.459293, 5.681312
-6.093170,6.601344,-5.459293, 5.681312
-6.146327,5.902638,-5.459293, 5.681312
-6.255770,5.770952,-5.436682, 5.015343
-6.452377,5.717112,-5.506257, 4.878805
-6.452377,5.717112,-5.619393, 4.781201
-6.198819,5.063229,-5.833781, 4.765064
-6.208585,4.866954,-5.833781, 4.765064
-6.302380,4.739446,-5.833781, 4.765064
-6.403438,4.617619,-5.833781, 4.765064
-6.403438,4.617619,-5.833781, 4.765064
-6.403438,4.617619,-5.833781, 4.765064
-6.291859,3.986603,-5.833781, 4.765064
-6.281805,3.806202,-5.833781, 4.765064
-6.353816,3.677825,-5.833781, 4.765064
-6.492948,3.586553,-5.833781, 4.765064
-6.492948,3.586553,-5.833781, 4.765064
-6.492948,3.586553,-5.833781, 4.765064
-6.492948,3.586553,-5.833781, 4.765064
-6.492948,3.586553,-9.073046, 4.099419
-6.492948,3.586553,-9.058727, 3.876040
-6.492948,3.586553,-9.096232, 3.677952
-6.492948,3.586553,-9.114436, 3.474272
-6.492948,3.586553,-9.079173, 3.254213
-6.492948,3.586553,-9.114523, 3.063355
-6.492948,3.586553,-9.091065, 2.854878
-6.492948,3.586553,-9.068135, 2.649978
-9.627719,2.605742,-9.062906, 2.452876
-9.608744,2.395319,-9.096623, 2.267654
-9.589132,2.187119,-9.077995, 2.070538
-9.530148,1.973321,-9.414056, 1.949283
-9.523419,1.773349,-9.414056, 1.949283
-9.508227,1.573670,-9.414056, 1.949283
-9.470652,1.372750,-9.414056, 1.949283
-9.438057,1.175087,-9.805804, 1.220873
-9.399543,0.979309,-9.826976, 1.023842
-9.363201,0.785837,-9.869199, 0.828305
-9.363995,0.596945,-9.916138, 0.632144
-9.325906,0.406847,-9.938906, 0.433590
-9.312304,0.219181,-9.956572, 0.234345
-9.312304,0.219181,-9.956572, 0.234345
-9.312304,0.219181,-9.956572, 0.234345
-9.861328,-0.360748,-9.956572, 0.234345
-9.879967,-0.559413,-9.956572, 0.234345
-9.865794,-0.756845,-9.956572, 0.234345
-9.886806,-0.957857,-9.956572, 0.234345
-9.870496,-1.156215,-8.183306, -0.958581
-9.899208,-1.361285,-8.128907, -1.117843
-9.873797,-1.560158,-8.128907, -1.117843
-9.873797,-1.560158,-8.128907, -1.117843
-9.873797,-1.560158,-8.128907, -1.117843
-9.873797,-1.560158,-8.128907, -1.117843
-9.873797,-1.560158,-8.128907, -1.117843
-9.873797,-1.560158,-8.128907, -1.117843
-9.873797,-1.560158,-8.128907, -1.117843
-7.769499,-2.378940,-8.128907, -1.117843
-7.800752,-2.559502,-8.128907, -1.117843
-7.800752,-2.559502,-8.128907, -1.117843
-7.800752,-2.559502,-8.128907, -1.117843
-7.800752,-2.559502,-8.128907, -1.117843
-7.800752,-2.559502,-8.128907, -1.117843
-7.800752,-2.559502,-8.128907, -1.117843
-7.800752,-2.559502,-8.128907, -1.117843
-7.800752,-2.559502,-8.128907, -1.117843
-7.800752,-2.559502,-8.128907, -1.117843
-7.800752,-2.559502,-8.128907, -1.117843
-7.800752,-2.559502,-8.128907, -1.117843
-7.800752,-2.559502,-8.128907, -1.117843
-7.800752,-2.559502,-8.128907, -1.117843
-7.800752,-2.559502,-8.128907, -1.117843
-7.800752,-2.559502,-8.128907, -1.117843
-7.800752,-2.559502,-8.128907, -1.117843
-7.800752,-2.559502,-8.128907, -1.117843
-7.800752,-2.559502,-8.128907, -1.117843
-7.800752,-2.559502,-8.128907, -1.117843
-7.800752,-2.559502,-8.128907, -1.117843
-7.800752,-2.559502,-8.128907, -1.117843
-7.800752,-2.559502,-8.128907, -1.117843
-7.800752,-2.559502,-3.519538, -3.331318
-7.800752,-2.559502,-3.311263, -3.262520
